{"parameters/base_model.model.model.embed_tokens.weight": {"_type": "histogram", "values": [1.0, 1.0, 2.0, 3.0, 3.0, 6.0, 3.0, 9.0, 4.0, 11.0, 15.0, 21.0, 23.0, 36.0, 80.0, 204.0, 776.0, 3063.0, 12244.0, 43951.0, 139075.0, 400490.0, 1016943.0, 2302560.0, 4591061.0, 8082377.0, 12471832.0, 16782718.0, 19892530.0, 19822504.0, 16749403.0, 12362657.0, 8001804.0, 4536530.0, 2269705.0, 1001848.0, 392278.0, 136444.0, 42689.0, 11828.0, 3117.0, 735.0, 212.0, 63.0, 35.0, 28.0, 23.0, 15.0, 11.0, 7.0, 8.0, 5.0, 3.0, 3.0, 0.0, 2.0, 0.0, 0.0, 0.0, 0.0, 1.0, 0.0, 0.0, 1.0], "bins": [-0.2220458984375, -0.2143878936767578, -0.20672988891601562, -0.19907188415527344, -0.19141387939453125, -0.18375587463378906, -0.17609786987304688, -0.1684398651123047, -0.1607818603515625, -0.1531238555908203, -0.14546585083007812, -0.13780784606933594, -0.13014984130859375, -0.12249183654785156, -0.11483383178710938, -0.10717582702636719, -0.099517822265625, -0.09185981750488281, -0.08420181274414062, -0.07654380798339844, -0.06888580322265625, -0.06122779846191406, -0.053569793701171875, -0.04591178894042969, -0.0382537841796875, -0.030595779418945312, -0.022937774658203125, -0.015279769897460938, -0.00762176513671875, 3.62396240234375e-05, 0.007694244384765625, 0.015352249145507812, 0.02301025390625, 0.030668258666992188, 0.038326263427734375, 0.04598426818847656, 0.05364227294921875, 0.06130027770996094, 0.06895828247070312, 0.07661628723144531, 0.0842742919921875, 0.09193229675292969, 0.09959030151367188, 0.10724830627441406, 0.11490631103515625, 0.12256431579589844, 0.13022232055664062, 0.1378803253173828, 0.145538330078125, 0.1531963348388672, 0.16085433959960938, 0.16851234436035156, 0.17617034912109375, 0.18382835388183594, 0.19148635864257812, 0.1991443634033203, 0.2068023681640625, 0.2144603729248047, 0.22211837768554688, 0.22977638244628906, 0.23743438720703125, 0.24509239196777344, 0.2527503967285156, 0.2604084014892578, 0.26806640625]}, "_timestamp": 1683355703.68796, "_runtime": 171.9268229007721, "_step": 0, "_wandb": {"runtime": 170}}